{"name":"cc565e49-1c20-487c-8841-b8add3dc5513","id":"/providers/Microsoft.Flow/flows/cc565e49-1c20-487c-8841-b8add3dc5513","type":"Microsoft.Flow/flows","properties":{"apiId":"/providers/Microsoft.PowerApps/apis/shared_logicflows","displayName":"Automatización Excel","definition":{"metadata":{"workflowEntityId":null,"processAdvisorMetadata":null,"flowChargedByPaygo":null,"flowclientsuspensionreason":"None","flowclientsuspensiontime":null,"flowclientsuspensionreasondetails":"","creator":{"id":"3d190742-f05a-42a5-9da0-69e943ac6129","type":"User","tenantId":"682a4e6a-a77f-4958-a3ac-9e266d18aa37"},"provisioningMethod":"FromDefinition","failureAlertSubscription":true,"clientLastModifiedTime":"2025-04-17T03:03:07.6871843Z","connectionKeySavedTimeKey":"2025-04-16T23:51:24.8764498Z","creationSource":"Portal","modifiedSources":"Portal"},"$schema":"https://schema.management.azure.com/providers/Microsoft.Logic/schemas/2016-06-01/workflowdefinition.json#","contentVersion":"undefined","parameters":{"$authentication":{"defaultValue":{},"type":"SecureObject"},"$connections":{"defaultValue":{},"type":"Object"}},"triggers":{"manual":{"type":"Request","kind":"Button","inputs":{"schema":{"type":"object","properties":{},"required":[]}}}},"actions":{"Enumerar_las_filas_de_una_tabla":{"runAfter":{},"metadata":{"01OM57MI2BXOBHQ7Q6QFAYD2YRJSIXAGSE":"/Excel Flow.xlsx","tableId":"{70D5E51C-6618-45FB-B30B-D102E8780CF4}"},"type":"OpenApiConnection","inputs":{"parameters":{"source":"me","drive":"b!9S0Hs1daXUqjWtPPcndWDG0kHeQdoSpCmYa3Gy6lpU0O3QmJUoXrT7DLZcHt-sPY","file":"01OM57MI2BXOBHQ7Q6QFAYD2YRJSIXAGSE","table":"{70D5E51C-6618-45FB-B30B-D102E8780CF4}","$filter":"SendForApproval eq 'Si'"},"host":{"apiId":"/providers/Microsoft.PowerApps/apis/shared_excelonlinebusiness","connectionName":"shared_excelonlinebusiness","operationId":"GetItems"},"authentication":{"value":"@json(decodeBase64(triggerOutputs().headers['X-MS-APIM-Tokens']))['$ConnectionKey']","type":"Raw"}}},"For_each":{"foreach":"@outputs('Enumerar_las_filas_de_una_tabla')?['body/value']","actions":{"Iniciar_y_esperar_una_aprobación":{"type":"OpenApiConnectionWebhook","inputs":{"parameters":{"approvalType":"Basic","WebhookApprovalCreationInput/title":"@items('For_each')?['Topic']","WebhookApprovalCreationInput/assignedTo":"@item()?['Speaker email']","WebhookApprovalCreationInput/details":"Hola, esta es una invitacion para una conferencia con los temas:\nTema: @{item()?['Topic']}\nPonente: @{item()?['Speaker']}","WebhookApprovalCreationInput/enableNotifications":true,"WebhookApprovalCreationInput/enableReassignment":true},"host":{"apiId":"/providers/Microsoft.PowerApps/apis/shared_approvals","connectionName":"shared_approvals","operationId":"StartAndWaitForAnApproval"},"authentication":{"value":"@json(decodeBase64(triggerOutputs().headers['X-MS-APIM-Tokens']))['$ConnectionKey']","type":"Raw"}}},"Condición":{"actions":{"Actualizar_una_fila":{"metadata":{"01OM57MI2BXOBHQ7Q6QFAYD2YRJSIXAGSE":"/Excel Flow.xlsx","tableId":"{70D5E51C-6618-45FB-B30B-D102E8780CF4}"},"type":"OpenApiConnection","inputs":{"parameters":{"source":"me","drive":"b!9S0Hs1daXUqjWtPPcndWDG0kHeQdoSpCmYa3Gy6lpU0O3QmJUoXrT7DLZcHt-sPY","file":"01OM57MI2BXOBHQ7Q6QFAYD2YRJSIXAGSE","table":"{70D5E51C-6618-45FB-B30B-D102E8780CF4}","idColumn":"Key","id":"@item()?['Key']","item/SendForApproval":"No","item/Approval Status":"Aprobado"},"host":{"apiId":"/providers/Microsoft.PowerApps/apis/shared_excelonlinebusiness","connectionName":"shared_excelonlinebusiness","operationId":"PatchItem"},"authentication":{"value":"@json(decodeBase64(triggerOutputs().headers['X-MS-APIM-Tokens']))['$ConnectionKey']","type":"Raw"}}}},"runAfter":{"Iniciar_y_esperar_una_aprobación":["Succeeded"]},"else":{"actions":{"Actualizar_una_fila_1":{"metadata":{"01OM57MI2BXOBHQ7Q6QFAYD2YRJSIXAGSE":"/Excel Flow.xlsx","tableId":"{70D5E51C-6618-45FB-B30B-D102E8780CF4}"},"type":"OpenApiConnection","inputs":{"parameters":{"source":"me","drive":"b!9S0Hs1daXUqjWtPPcndWDG0kHeQdoSpCmYa3Gy6lpU0O3QmJUoXrT7DLZcHt-sPY","file":"01OM57MI2BXOBHQ7Q6QFAYD2YRJSIXAGSE","table":"{70D5E51C-6618-45FB-B30B-D102E8780CF4}","idColumn":"Key","id":"@item()?['Key']","item/SendForApproval":"No","item/Approval Status":"Rechazado"},"host":{"apiId":"/providers/Microsoft.PowerApps/apis/shared_excelonlinebusiness","connectionName":"shared_excelonlinebusiness","operationId":"PatchItem"},"authentication":{"value":"@json(decodeBase64(triggerOutputs().headers['X-MS-APIM-Tokens']))['$ConnectionKey']","type":"Raw"}}}}},"expression":{"and":[{"equals":["@outputs('Iniciar_y_esperar_una_aprobación')?['body/outcome']","Approve"]}]},"type":"If"}},"runAfter":{"Enumerar_las_filas_de_una_tabla":["Succeeded"]},"type":"Foreach"}},"description":""},"connectionReferences":{"shared_excelonlinebusiness":{"connectionName":"shared-excelonlinebu-d7fbb220-d118-4354-abc9-ea2c65d727d3","source":"Invoker","id":"/providers/Microsoft.PowerApps/apis/shared_excelonlinebusiness","tier":"NotSpecified","apiName":"excelonlinebusiness"},"shared_approvals":{"connectionName":"shared-approvals-dbe5a555-8e4c-4f41-9774-6f1b5eaa1bd5","source":"Invoker","id":"/providers/Microsoft.PowerApps/apis/shared_approvals","tier":"NotSpecified","apiName":"approvals"}},"flowFailureAlertSubscribed":false,"isManaged":false}}